Formula,Weight Scheme,Modulus,Residue S(φ)
PHP(3,2),Sequential,97,0
PHP(3,2),Sequential,101,0
PHP(3,2),Sequential,103,0
PHP(3,2),Exponential,97,0
PHP(3,2),Exponential,101,0
PHP(3,2),Exponential,103,0
PHP(3,2),Hash-based,97,0
PHP(3,2),Hash-based,101,0
PHP(3,2),Hash-based,103,0
PHP(4,3),Sequential,97,0
PHP(4,3),Sequential,101,0
PHP(4,3),Sequential,103,0
PHP(4,3),Exponential,97,0
PHP(4,3),Exponential,101,0
PHP(4,3),Exponential,103,0
PHP(4,3),Hash-based,97,0
PHP(4,3),Hash-based,101,0
PHP(4,3),Hash-based,103,0
PHP(5,4),Sequential,97,0
PHP(5,4),Sequential,101,0
PHP(5,4),Sequential,103,0
PHP(5,4),Exponential,97,0
PHP(5,4),Exponential,101,0
PHP(5,4),Exponential,103,0
PHP(5,4),Hash-based,97,0
PHP(5,4),Hash-based,101,0
PHP(5,4),Hash-based,103,0
Random3SAT_130_30_UNSAT,Sequential,97,0
Random3SAT_130_30_UNSAT,Sequential,101,0
Random3SAT_130_30_UNSAT,Sequential,103,0
Random3SAT_130_30_UNSAT,Exponential,97,0
Random3SAT_130_30_UNSAT,Exponential,101,0
Random3SAT_130_30_UNSAT,Exponential,103,0
Random3SAT_130_30_UNSAT,Hash-based,97,0
Random3SAT_130_30_UNSAT,Hash-based,101,0
Random3SAT_130_30_UNSAT,Hash-based,103,0
XOR_SAT_UnsatInstance,Sequential,97,0
XOR_SAT_UnsatInstance,Sequential,101,0
XOR_SAT_UnsatInstance,Sequential,103,0
XOR_SAT_UnsatInstance,Exponential,97,0
XOR_SAT_UnsatInstance,Exponential,101,0
XOR_SAT_UnsatInstance,Exponential,103,0
XOR_SAT_UnsatInstance,Hash-based,97,0
XOR_SAT_UnsatInstance,Hash-based,101,0
XOR_SAT_UnsatInstance,Hash-based,103,0
Tseitin_UnsatInstance,Sequential,97,0
Tseitin_UnsatInstance,Sequential,101,0
Tseitin_UnsatInstance,Sequential,103,0
Tseitin_UnsatInstance,Exponential,97,0
Tseitin_UnsatInstance,Exponential,101,0
Tseitin_UnsatInstance,Exponential,103,0
Tseitin_UnsatInstance,Hash-based,97,0
Tseitin_UnsatInstance,Hash-based,101,0
Tseitin_UnsatInstance,Hash-based,103,0